a,b,c,sigma0,sigma1,sigma2,entry_height,objective,status
-2,-6,-3,-23.872578108144776,0.15064425142615256,-0.27806614328138557,23.872578108144776,0.27806614328138557,gamma
-2,-6,-2,-20.340489221906818,2.4979406067600145,-0.15745138485320234,20.340489221906818,2.4979406067600145,ordinary
-2,-6,-1,-16.80840033566886,4.845236962093877,-0.03683662642501913,16.80840033566886,4.845236962093877,ordinary
-2,-6,0,-13.276311449430903,7.19253331742774,0.08377813200316409,13.276311449430903,7.19253331742774,ordinary
-2,-6,1,-9.744222563192945,9.539829672761602,0.20439289043134728,9.744222563192945,9.539829672761602,ordinary
-2,-6,2,-6.212133676954989,11.887126028095466,0.3250076488595305,6.212133676954989,11.887126028095466,ordinary
-2,-6,3,-2.68004479071703,14.234422383429328,0.44562240728771374,2.68004479071703,14.234422383429328,ordinary
-2,-5,-3,-21.993192866572958,-1.3814446348118041,-0.6253624986152464,21.993192866572958,1.3814446348118041,ordinary
-2,-5,-2,-18.461103980335,0.9658517205220578,-0.5047477401870631,18.461103980335,0.9658517205220578,ordinary
-2,-5,-1,-14.929015094097043,3.3131480758559206,-0.38413298175887994,14.929015094097043,3.3131480758559206,ordinary
-2,-5,0,-11.396926207859085,5.6604444311897835,-0.26351822333069674,11.396926207859085,5.6604444311897835,ordinary
-2,-5,1,-7.864837321621128,8.007740786523646,-0.14290346490251354,7.864837321621128,8.007740786523646,ordinary
-2,-5,2,-4.332748435383171,10.355037141857508,-0.022288706474330316,4.332748435383171,10.355037141857508,ordinary
-2,-5,3,-0.8006595491452124,12.702333497191372,0.09832605195385291,0.8006595491452124,12.702333497191372,ordinary
-2,-4,-3,-20.11380762500114,-2.913533521049761,-0.972658853949107,20.11380762500114,2.913533521049761,ordinary
-2,-4,-2,-16.581718738763183,-0.5662371657158989,-0.8520440955209237,16.581718738763183,0.8520440955209237,ordinary
-2,-4,-1,-13.049629852525225,1.781059189617964,-0.7314293370927406,13.049629852525225,1.781059189617964,ordinary
-2,-4,0,-9.517540966287267,4.128355544951827,-0.6108145786645574,9.517540966287267,4.128355544951827,ordinary
-2,-4,1,-5.98545208004931,6.47565190028569,-0.49019982023637415,5.98545208004931,6.47565190028569,ordinary
-2,-4,2,-2.453363193811353,8.822948255619552,-0.36958506180819095,2.453363193811353,8.822948255619552,ordinary
-2,-4,3,1.0787256924266053,11.170244610953414,-0.2489703033800077,1.0787256924266053,11.170244610953414,ordinary
-2,-3,-3,-18.234422383429326,-4.4456224072877175,-1.3199552092829676,18.234422383429326,4.4456224072877175,ordinary
-2,-3,-2,-14.702333497191365,-2.0983260519538556,-1.1993404508547845,14.702333497191365,2.0983260519538556,ordinary
-2,-3,-1,-11.170244610953409,0.24897030338000725,-1.078725692426601,11.170244610953409,1.078725692426601,ordinary
-2,-3,0,-7.6381557247154515,2.59626665871387,-0.958110933998418,7.6381557247154515,2.59626665871387,ordinary
-2,-3,1,-4.106066838477494,4.943563014047733,-0.8374961755702347,4.106066838477494,4.943563014047733,ordinary
-2,-3,2,-0.5739779522395372,7.290859369381596,-0.7168814171420516,0.5739779522395372,7.290859369381596,ordinary
-2,-3,3,2.9581109339984213,9.638155724715457,-0.5962666587138683,2.9581109339984213,9.638155724715457,ordinary
-2,-2,-3,-16.35503714185751,-5.977711293525674,-1.6672515646168284,16.35503714185751,5.977711293525674,ordinary
-2,-2,-2,-12.822948255619547,-3.6304149381918123,-1.5466368061886453,12.822948255619547,3.6304149381918123,ordinary
-2,-2,-1,-9.290859369381591,-1.2831185828579494,-1.426022047760462,9.290859369381591,1.426022047760462,ordinary
-2,-2,0,-5.758770483143634,1.0641777724759134,-1.3054072893322788,5.758770483143634,1.3054072893322788,ordinary
-2,-2,1,-2.2266815969056766,3.411474127809776,-1.1847925309040956,2.2266815969056766,3.411474127809776,ordinary
-2,-2,2,1.3054072893322806,5.758770483143639,-1.0641777724759123,1.3054072893322806,5.758770483143639,ordinary
-2,-2,3,4.837496175570239,8.106066838477501,-0.9435630140477291,4.837496175570239,8.106066838477501,ordinary
-2,-1,-3,-14.47565190028569,-7.509800179763631,-2.0145479199506893,14.47565190028569,7.509800179763631,ordinary
-2,-1,-2,-10.943563014047731,-5.162503824429769,-1.893933161522506,10.943563014047731,5.162503824429769,ordinary
-2,-1,-1,-7.4114741278097735,-2.815207469095906,-1.7733184030943225,7.4114741278097735,2.815207469095906,ordinary
-2,-1,0,-3.879385241571817,-0.4679111137620433,-1.6527036446661394,3.879385241571817,1.6527036446661394,ordinary
-2,-1,1,-0.3472963553338597,1.8793852415718195,-1.5320888862379562,0.3472963553338597,1.8793852415718195,ordinary
-2,-1,2,3.1847925309040974,4.226681596905682,-1.4114741278097729,3.1847925309040974,4.226681596905682,ordinary
-2,-1,3,6.716881417142056,6.573977952239544,-1.2908593693815897,6.716881417142056,6.573977952239544,ordinary
-2,0,-3,-12.596266658713873,-9.041889066001588,-2.3618442752845494,12.596266658713873,9.041889066001588,ordinary
-2,0,-2,-9.064177772475915,-6.694592710667726,-2.2412295168563663,9.064177772475915,6.694592710667726,ordinary
-2,0,-1,-5.532088886237958,-4.347296355333863,-2.120614758428183,5.532088886237958,4.347296355333863,ordinary
-2,0,0,-2.0,-2.0,-2.0,2.0,2.0,ordinary
-2,0,1,1.5320888862379571,0.3472963553338628,-1.8793852415718169,1.5320888862379571,1.8793852415718169,ordinary
-2,0,2,5.064177772475914,2.6945927106677257,-1.7587704831436335,5.064177772475914,2.6945927106677257,ordinary
-2,0,3,8.596266658713873,5.041889066001588,-1.6381557247154503,8.596266658713873,5.041889066001588,ordinary
-2,1,-3,-10.716881417142055,-10.573977952239545,-2.7091406306184105,10.716881417142055,10.573977952239545,ordinary
-2,1,-2,-7.184792530904097,-8.226681596905681,-2.588525872190227,7.184792530904097,8.226681596905681,ordinary
-2,1,-1,-3.65270364466614,-5.8793852415718195,-2.4679111137620438,3.65270364466614,5.8793852415718195,ordinary
-2,1,0,-0.12061475842818292,-3.5320888862379567,-2.3472963553338606,0.12061475842818292,3.5320888862379567,ordinary
-2,1,1,3.4114741278097744,-1.1847925309040939,-2.2266815969056775,3.4114741278097744,2.2266815969056775,ordinary
-2,1,2,6.943563014047731,1.162503824429769,-2.1060668384774943,6.943563014047731,2.1060668384774943,ordinary
-2,1,3,10.47565190028569,3.509800179763631,-1.985452080049311,10.47565190028569,3.509800179763631,ordinary
-2,2,-3,-8.837496175570239,-12.106066838477501,-3.0564369859522706,8.837496175570239,12.106066838477501,ordinary
-2,2,-2,-5.30540728933228,-9.758770483143639,-2.9358222275240875,5.30540728933228,9.758770483143639,ordinary
-2,2,-1,-1.773318403094323,-7.411474127809776,-2.8152074690959044,1.773318403094323,7.411474127809776,ordinary
-2,2,0,1.7587704831436342,-5.064177772475913,-2.694592710667721,1.7587704831436342,5.064177772475913,ordinary
-2,2,1,5.290859369381591,-2.7168814171420506,-2.573977952239538,5.290859369381591,2.7168814171420506,ordinary
-2,2,2,8.822948255619549,-0.36958506180818773,-2.453363193811355,8.822948255619549,2.453363193811355,ordinary
-2,2,3,12.355037141857506,1.9777112935256742,-2.332748435383172,12.355037141857506,2.332748435383172,ordinary
-2,3,-3,-6.958110933998421,-13.638155724715457,-3.4037333412861317,6.958110933998421,13.638155724715457,ordinary
-2,3,-2,-3.426022047760463,-11.290859369381597,-3.2831185828579486,3.426022047760463,11.290859369381597,ordinary
-2,3,-1,0.10606683847749432,-8.943563014047733,-3.1625038244297654,0.10606683847749432,8.943563014047733,ordinary
-2,3,0,3.6381557247154515,-6.59626665871387,-3.0418890660015823,3.6381557247154515,6.59626665871387,ordinary
-2,3,1,7.170244610953409,-4.248970303380007,-2.921274307573399,7.170244610953409,4.248970303380007,ordinary
-2,3,2,10.702333497191365,-1.9016739480461444,-2.800659549145216,10.702333497191365,2.800659549145216,ordinary
-2,3,3,14.234422383429324,0.4456224072877175,-2.680044790717033,14.234422383429324,2.680044790717033,ordinary
-2,4,-3,-5.078725692426604,-15.170244610953414,-3.751029696619992,5.078725692426604,15.170244610953414,ordinary
-2,4,-2,-1.546636806188646,-12.822948255619552,-3.6304149381918087,1.546636806188646,12.822948255619552,ordinary
-2,4,-1,1.9854520800493112,-10.47565190028569,-3.5098001797636256,1.9854520800493112,10.47565190028569,ordinary
-2,4,0,5.517540966287268,-8.128355544951827,-3.3891854213354424,5.517540966287268,8.128355544951827,ordinary
-2,4,1,9.049629852525225,-5.781059189617964,-3.2685706629072593,9.049629852525225,5.781059189617964,ordinary
-2,4,2,12.581718738763183,-3.433762834284101,-3.147955904479076,12.581718738763183,3.433762834284101,ordinary
-2,4,3,16.11380762500114,-1.0864664789502392,-3.027341146050893,16.11380762500114,3.027341146050893,ordinary
-2,5,-3,-3.1993404508547876,-16.702333497191372,-4.098326051953853,3.1993404508547876,16.702333497191372,ordinary
-2,5,-2,0.3327484353831709,-14.35503714185751,-3.9777112935256698,0.3327484353831709,14.35503714185751,ordinary
-2,5,-1,3.864837321621128,-12.007740786523648,-3.8570965350974866,3.864837321621128,12.007740786523648,ordinary
-2,5,0,7.396926207859085,-9.660444431189784,-3.7364817766693035,7.396926207859085,9.660444431189784,ordinary
-2,5,1,10.929015094097043,-7.3131480758559215,-3.6158670182411203,10.929015094097043,7.3131480758559215,ordinary
-2,5,2,14.461103980335,-4.965851720522059,-3.495252259812937,14.461103980335,4.965851720522059,ordinary
-2,5,3,17.993192866572958,-2.6185553651881968,-3.374637501384754,17.993192866572958,3.374637501384754,ordinary
-2,6,-3,-1.3199552092829698,-18.234422383429326,-4.445622407287714,1.3199552092829698,18.234422383429326,ordinary
-2,6,-2,2.2121336769549886,-15.887126028095466,-4.325007648859531,2.2121336769549886,15.887126028095466,ordinary
-2,6,-1,5.744222563192945,-13.539829672761602,-4.204392890431348,5.744222563192945,13.539829672761602,ordinary
-2,6,0,9.276311449430903,-11.19253331742774,-4.0837781320031645,9.276311449430903,11.19253331742774,ordinary
-2,6,1,12.80840033566886,-8.845236962093878,-3.9631633735749814,12.80840033566886,8.845236962093878,ordinary
-2,6,2,16.340489221906818,-6.4979406067600145,-3.8425486151467982,16.340489221906818,6.4979406067600145,ordinary
-2,6,3,19.872578108144776,-4.150644251426153,-3.721933856718615,19.872578108144776,4.150644251426153,ordinary
-1,-6,-3,-22.872578108144776,1.1506442514261526,0.7219338567186144,22.872578108144776,1.1506442514261526,ordinary
-1,-6,-2,-19.340489221906818,3.4979406067600145,0.8425486151467977,19.340489221906818,3.4979406067600145,ordinary
-1,-6,-1,-15.80840033566886,5.845236962093877,0.9631633735749808,15.80840033566886,5.845236962093877,ordinary
-1,-6,0,-12.276311449430903,8.19253331742774,1.083778132003164,12.276311449430903,8.19253331742774,ordinary
-1,-6,1,-8.744222563192945,10.539829672761602,1.2043928904313472,8.744222563192945,10.539829672761602,ordinary
-1,-6,2,-5.212133676954989,12.887126028095466,1.3250076488595306,5.212133676954989,12.887126028095466,ordinary
-1,-6,3,-1.6800447907170302,15.234422383429328,1.4456224072877137,1.6800447907170302,15.234422383429328,ordinary
-1,-5,-3,-20.993192866572958,-0.38144463481180413,0.3746375013847536,20.993192866572958,0.38144463481180413,beta
-1,-5,-2,-17.461103980335,1.9658517205220578,0.49525225981293686,17.461103980335,1.9658517205220578,ordinary
-1,-5,-1,-13.929015094097043,4.313148075855921,0.61586701824112,13.929015094097043,4.313148075855921,ordinary
-1,-5,0,-10.396926207859085,6.6604444311897835,0.7364817766693033,10.396926207859085,6.6604444311897835,ordinary
-1,-5,1,-6.864837321621128,9.007740786523646,0.8570965350974865,6.864837321621128,9.007740786523646,ordinary
-1,-5,2,-3.332748435383171,11.355037141857508,0.9777112935256697,3.332748435383171,11.355037141857508,ordinary
-1,-5,3,0.19934045085478758,13.702333497191372,1.098326051953853,0.19934045085478758,13.702333497191372,ordinary
-1,-4,-3,-19.11380762500114,-1.9135335210497608,0.027341146050892995,19.11380762500114,1.9135335210497608,ordinary
-1,-4,-2,-15.581718738763183,0.4337628342841011,0.14795590447907622,15.581718738763183,0.4337628342841011,ordinary
-1,-4,-1,-12.049629852525225,2.781059189617964,0.26857066290725945,12.049629852525225,2.781059189617964,ordinary
-1,-4,0,-8.517540966287267,5.128355544951827,0.38918542133544265,8.517540966287267,5.128355544951827,ordinary
-1,-4,1,-4.98545208004931,7.47565190028569,0.5098001797636259,4.98545208004931,7.47565190028569,ordinary
-1,-4,2,-1.4533631938113531,9.822948255619552,0.630414938191809,1.4533631938113531,9.822948255619552,ordinary
-1,-4,3,2.0787256924266053,12.170244610953414,0.7510296966199923,2.0787256924266053,12.170244610953414,ordinary
-1,-3,-3,-17.234422383429326,-3.4456224072877175,-0.3199552092829676,17.234422383429326,3.4456224072877175,ordinary
-1,-3,-2,-13.702333497191365,-1.0983260519538556,-0.19934045085478438,13.702333497191365,1.0983260519538556,ordinary
-1,-3,-1,-10.170244610953409,1.2489703033800073,-0.07872569242660117,10.170244610953409,1.2489703033800073,ordinary
-1,-3,0,-6.6381557247154515,3.59626665871387,0.04188906600158204,6.6381557247154515,3.59626665871387,ordinary
-1,-3,1,-3.1060668384774943,5.943563014047733,0.16250382442976524,3.1060668384774943,5.943563014047733,ordinary
-1,-3,2,0.4260220477604628,8.290859369381597,0.28311858285794844,0.4260220477604628,8.290859369381597,ordinary
-1,-3,3,3.9581109339984213,10.638155724715457,0.4037333412861317,3.9581109339984213,10.638155724715457,ordinary
-1,-2,-3,-15.355037141857506,-4.977711293525674,-0.6672515646168283,15.355037141857506,4.977711293525674,ordinary
-1,-2,-2,-11.822948255619547,-2.6304149381918123,-0.5466368061886451,11.822948255619547,2.6304149381918123,ordinary
-1,-2,-1,-8.290859369381591,-0.28311858285794944,-0.4260220477604619,8.290859369381591,0.4260220477604619,ordinary
-1,-2,0,-4.758770483143634,2.0641777724759134,-0.3054072893322787,4.758770483143634,2.0641777724759134,ordinary
-1,-2,1,-1.2266815969056766,4.411474127809776,-0.18479253090409548,1.2266815969056766,4.411474127809776,ordinary
-1,-2,2,2.3054072893322806,6.758770483143639,-0.06417777247591225,2.3054072893322806,6.758770483143639,ordinary
-1,-2,3,5.837496175570239,9.106066838477501,0.05643698595227098,5.837496175570239,9.106066838477501,ordinary
-1,-1,-3,-13.47565190028569,-6.509800179763631,-1.014547919950689,13.47565190028569,6.509800179763631,ordinary
-1,-1,-2,-9.943563014047731,-4.162503824429769,-0.8939331615225058,9.943563014047731,4.162503824429769,ordinary
-1,-1,-1,-6.4114741278097735,-1.8152074690959061,-0.7733184030943226,6.4114741278097735,1.8152074690959061,ordinary
-1,-1,0,-2.879385241571817,0.5320888862379567,-0.6527036446661394,2.879385241571817,0.6527036446661394,ordinary
-1,-1,1,0.6527036446661403,2.8793852415718195,-0.5320888862379561,0.6527036446661403,2.8793852415718195,ordinary
-1,-1,2,4.184792530904097,5.226681596905682,-0.411474127809773,4.184792530904097,5.226681596905682,ordinary
-1,-1,3,7.716881417142056,7.573977952239544,-0.29085936938158974,7.716881417142056,7.573977952239544,ordinary
-1,0,-3,-11.596266658713873,-8.041889066001588,-1.3618442752845497,11.596266658713873,8.041889066001588,ordinary
-1,0,-2,-8.064177772475915,-5.694592710667726,-1.2412295168563665,8.064177772475915,5.694592710667726,ordinary
-1,0,-1,-4.532088886237958,-3.347296355333863,-1.1206147584281831,4.532088886237958,3.347296355333863,ordinary
-1,0,0,-1.0,-1.0,-1.0,1.0,1.0,ordinary
-1,0,1,2.532088886237957,1.3472963553338628,-0.8793852415718167,2.532088886237957,1.3472963553338628,ordinary
-1,0,2,6.064177772475914,3.6945927106677257,-0.7587704831436336,6.064177772475914,3.6945927106677257,ordinary
-1,0,3,9.596266658713873,6.041889066001588,-0.6381557247154503,9.596266658713873,6.041889066001588,ordinary
-1,1,-3,-9.716881417142055,-9.573977952239545,-1.7091406306184103,9.716881417142055,9.573977952239545,ordinary
-1,1,-2,-6.184792530904097,-7.226681596905682,-1.5885258721902271,6.184792530904097,7.226681596905682,ordinary
-1,1,-1,-2.65270364466614,-4.8793852415718195,-1.4679111137620438,2.65270364466614,4.8793852415718195,ordinary
-1,1,0,0.8793852415718171,-2.5320888862379567,-1.3472963553338606,0.8793852415718171,2.5320888862379567,ordinary
-1,1,1,4.411474127809774,-0.18479253090409387,-1.2266815969056775,4.411474127809774,1.2266815969056775,ordinary
-1,1,2,7.943563014047731,2.162503824429769,-1.106066838477494,7.943563014047731,2.162503824429769,ordinary
-1,1,3,11.47565190028569,4.509800179763631,-0.985452080049311,11.47565190028569,4.509800179763631,ordinary
-1,2,-3,-7.837496175570239,-11.106066838477501,-2.0564369859522706,7.837496175570239,11.106066838477501,ordinary
-1,2,-2,-4.30540728933228,-8.758770483143639,-1.9358222275240877,4.30540728933228,8.758770483143639,ordinary
-1,2,-1,-0.773318403094323,-6.411474127809776,-1.8152074690959044,0.773318403094323,6.411474127809776,ordinary
-1,2,0,2.758770483143634,-4.064177772475913,-1.6945927106677212,2.758770483143634,4.064177772475913,ordinary
-1,2,1,6.290859369381591,-1.7168814171420506,-1.573977952239538,6.290859369381591,1.7168814171420506,ordinary
-1,2,2,9.822948255619549,0.6304149381918123,-1.4533631938113547,9.822948255619549,1.4533631938113547,ordinary
-1,2,3,13.355037141857506,2.977711293525674,-1.3327484353831716,13.355037141857506,2.977711293525674,ordinary
-1,3,-3,-5.958110933998421,-12.638155724715457,-2.4037333412861317,5.958110933998421,12.638155724715457,ordinary
-1,3,-2,-2.426022047760463,-10.290859369381597,-2.2831185828579486,2.426022047760463,10.290859369381597,ordinary
-1,3,-1,1.1060668384774943,-7.943563014047733,-2.1625038244297654,1.1060668384774943,7.943563014047733,ordinary
-1,3,0,4.6381557247154515,-5.59626665871387,-2.0418890660015823,4.6381557247154515,5.59626665871387,ordinary
-1,3,1,8.170244610953409,-3.2489703033800073,-1.9212743075733991,8.170244610953409,3.2489703033800073,ordinary
-1,3,2,11.702333497191365,-0.9016739480461444,-1.8006595491452158,11.702333497191365,1.8006595491452158,ordinary
-1,3,3,15.234422383429324,1.4456224072877175,-1.6800447907170326,15.234422383429324,1.6800447907170326,ordinary
-1,4,-3,-4.078725692426604,-14.170244610953414,-2.751029696619992,4.078725692426604,14.170244610953414,ordinary
-1,4,-2,-0.546636806188646,-11.822948255619552,-2.6304149381918087,0.546636806188646,11.822948255619552,ordinary
-1,4,-1,2.985452080049311,-9.47565190028569,-2.5098001797636256,2.985452080049311,9.47565190028569,ordinary
-1,4,0,6.517540966287268,-7.128355544951827,-2.3891854213354424,6.517540966287268,7.128355544951827,ordinary
-1,4,1,10.049629852525225,-4.781059189617964,-2.2685706629072593,10.049629852525225,4.781059189617964,ordinary
-1,4,2,13.581718738763183,-2.433762834284101,-2.147955904479076,13.581718738763183,2.433762834284101,ordinary
-1,4,3,17.11380762500114,-0.08646647895023918,-2.027341146050893,17.11380762500114,2.027341146050893,ordinary
-1,5,-3,-2.1993404508547876,-15.702333497191372,-3.098326051953853,2.1993404508547876,15.702333497191372,ordinary
-1,5,-2,1.332748435383171,-13.35503714185751,-2.9777112935256698,1.332748435383171,13.35503714185751,ordinary
-1,5,-1,4.864837321621128,-11.007740786523648,-2.8570965350974866,4.864837321621128,11.007740786523648,ordinary
-1,5,0,8.396926207859085,-8.660444431189784,-2.7364817766693035,8.396926207859085,8.660444431189784,ordinary
-1,5,1,11.929015094097043,-6.3131480758559215,-2.6158670182411203,11.929015094097043,6.3131480758559215,ordinary
-1,5,2,15.461103980335,-3.9658517205220587,-2.495252259812937,15.461103980335,3.9658517205220587,ordinary
-1,5,3,18.993192866572958,-1.6185553651881968,-2.374637501384754,18.993192866572958,2.374637501384754,ordinary
-1,6,-3,-0.31995520928296983,-17.234422383429326,-3.445622407287714,0.31995520928296983,17.234422383429326,ordinary
-1,6,-2,3.2121336769549886,-14.887126028095466,-3.3250076488595304,3.2121336769549886,14.887126028095466,ordinary
-1,6,-1,6.744222563192945,-12.539829672761602,-3.2043928904313472,6.744222563192945,12.539829672761602,ordinary
-1,6,0,10.276311449430903,-10.19253331742774,-3.083778132003164,10.276311449430903,10.19253331742774,ordinary
-1,6,1,13.80840033566886,-7.845236962093877,-2.963163373574981,13.80840033566886,7.845236962093877,ordinary
-1,6,2,17.340489221906818,-5.4979406067600145,-2.842548615146798,17.340489221906818,5.4979406067600145,ordinary
-1,6,3,20.872578108144776,-3.1506442514261526,-2.721933856718614,20.872578108144776,3.1506442514261526,ordinary
0,-6,-3,-21.872578108144776,2.1506442514261526,1.7219338567186144,21.872578108144776,2.1506442514261526,ordinary
0,-6,-2,-18.340489221906818,4.4979406067600145,1.8425486151467976,18.340489221906818,4.4979406067600145,ordinary
0,-6,-1,-14.80840033566886,6.845236962093877,1.963163373574981,14.80840033566886,6.845236962093877,ordinary
0,-6,0,-11.276311449430903,9.19253331742774,2.083778132003164,11.276311449430903,9.19253331742774,ordinary
0,-6,1,-7.744222563192945,11.539829672761602,2.2043928904313472,7.744222563192945,11.539829672761602,ordinary
0,-6,2,-4.212133676954989,13.887126028095466,2.3250076488595304,4.212133676954989,13.887126028095466,ordinary
0,-6,3,-0.6800447907170302,16.234422383429326,2.445622407287714,0.6800447907170302,16.234422383429326,ordinary
0,-5,-3,-19.993192866572958,0.6185553651881959,1.3746375013847536,19.993192866572958,1.3746375013847536,ordinary
0,-5,-2,-16.461103980335,2.965851720522058,1.4952522598129367,16.461103980335,2.965851720522058,ordinary
0,-5,-1,-12.929015094097043,5.313148075855921,1.6158670182411201,12.929015094097043,5.313148075855921,ordinary
0,-5,0,-9.396926207859085,7.6604444311897835,1.7364817766693033,9.396926207859085,7.6604444311897835,ordinary
0,-5,1,-5.864837321621128,10.007740786523646,1.8570965350974864,5.864837321621128,10.007740786523646,ordinary
0,-5,2,-2.332748435383171,12.355037141857508,1.9777112935256698,2.332748435383171,12.355037141857508,ordinary
0,-5,3,1.1993404508547876,14.702333497191372,2.098326051953853,1.1993404508547876,14.702333497191372,ordinary
0,-4,-3,-18.11380762500114,-0.9135335210497608,1.027341146050893,18.11380762500114,1.027341146050893,ordinary
0,-4,-2,-14.581718738763183,1.4337628342841011,1.1479559044790761,14.581718738763183,1.4337628342841011,ordinary
0,-4,-1,-11.049629852525225,3.781059189617964,1.2685706629072595,11.049629852525225,3.781059189617964,ordinary
0,-4,0,-7.517540966287268,6.128355544951827,1.3891854213354426,7.517540966287268,6.128355544951827,ordinary
0,-4,1,-3.985452080049311,8.47565190028569,1.5098001797636258,3.985452080049311,8.47565190028569,ordinary
0,-4,2,-0.45336319381135404,10.822948255619552,1.6304149381918092,0.45336319381135404,10.822948255619552,ordinary
0,-4,3,3.0787256924266044,13.170244610953414,1.7510296966199923,3.0787256924266044,13.170244610953414,ordinary
0,-3,-3,-16.234422383429326,-2.4456224072877175,0.6800447907170324,16.234422383429326,2.4456224072877175,ordinary
0,-3,-2,-12.702333497191365,-0.09832605195385558,0.8006595491452156,12.702333497191365,0.8006595491452156,ordinary
0,-3,-1,-9.170244610953409,2.2489703033800073,0.9212743075733988,9.170244610953409,2.2489703033800073,ordinary
0,-3,0,-5.6381557247154515,4.59626665871387,1.041889066001582,5.6381557247154515,4.59626665871387,ordinary
0,-3,1,-2.1060668384774943,6.943563014047733,1.1625038244297652,2.1060668384774943,6.943563014047733,ordinary
0,-3,2,1.4260220477604628,9.290859369381597,1.2831185828579486,1.4260220477604628,9.290859369381597,ordinary
0,-3,3,4.958110933998421,11.638155724715457,1.4037333412861317,4.958110933998421,11.638155724715457,ordinary
0,-2,-3,-14.355037141857506,-3.977711293525674,0.33274843538317167,14.355037141857506,3.977711293525674,ordinary
0,-2,-2,-10.822948255619549,-1.6304149381918123,0.4533631938113549,10.822948255619549,1.6304149381918123,ordinary
0,-2,-1,-7.290859369381591,0.7168814171420506,0.5739779522395381,7.290859369381591,0.7168814171420506,ordinary
0,-2,0,-3.758770483143634,3.0641777724759134,0.6945927106677213,3.758770483143634,3.0641777724759134,ordinary
0,-2,1,-0.22668159690567702,5.411474127809776,0.8152074690959046,0.22668159690567702,5.411474127809776,ordinary
0,-2,2,3.30540728933228,7.758770483143639,0.9358222275240877,3.30540728933228,7.758770483143639,ordinary
0,-2,3,6.837496175570239,10.106066838477501,1.056436985952271,6.837496175570239,10.106066838477501,ordinary
0,-1,-3,-12.47565190028569,-5.509800179763631,-0.014547919950688992,12.47565190028569,5.509800179763631,ordinary
0,-1,-2,-8.943563014047731,-3.162503824429769,0.10606683847749424,8.943563014047731,3.162503824429769,ordinary
0,-1,-1,-5.411474127809774,-0.8152074690959061,0.22668159690567746,5.411474127809774,0.8152074690959061,ordinary
0,-1,0,-1.879385241571817,1.5320888862379567,0.34729635533386066,1.879385241571817,1.5320888862379567,ordinary
0,-1,1,1.65270364466614,3.8793852415718195,0.46791111376204386,1.65270364466614,3.8793852415718195,ordinary
0,-1,2,5.184792530904097,6.226681596905682,0.5885258721902271,5.184792530904097,6.226681596905682,ordinary
0,-1,3,8.716881417142055,8.573977952239545,0.7091406306184103,8.716881417142055,8.573977952239545,ordinary
0,0,-3,-10.596266658713873,-7.041889066001588,-0.36184427528454965,10.596266658713873,7.041889066001588,ordinary
0,0,-2,-7.064177772475914,-4.694592710667726,-0.24122951685636643,7.064177772475914,4.694592710667726,ordinary
0,0,-1,-3.532088886237957,-2.347296355333863,-0.12061475842818321,3.532088886237957,2.347296355333863,ordinary
0,0,1,3.532088886237957,2.347296355333863,0.12061475842818321,3.532088886237957,2.347296355333863,ordinary
0,0,2,7.064177772475914,4.694592710667726,0.24122951685636643,7.064177772475914,4.694592710667726,ordinary
0,0,3,10.596266658713873,7.041889066001588,0.36184427528454965,10.596266658713873,7.041889066001588,ordinary
0,1,-3,-8.716881417142055,-8.573977952239545,-0.7091406306184103,8.716881417142055,8.573977952239545,ordinary
0,1,-2,-5.184792530904097,-6.226681596905682,-0.5885258721902271,5.184792530904097,6.226681596905682,ordinary
0,1,-1,-1.65270364466614,-3.8793852415718195,-0.46791111376204386,1.65270364466614,3.8793852415718195,ordinary
0,1,0,1.879385241571817,-1.5320888862379567,-0.34729635533386066,1.879385241571817,1.5320888862379567,ordinary
0,1,1,5.411474127809774,0.8152074690959061,-0.22668159690567746,5.411474127809774,0.8152074690959061,ordinary
0,1,2,8.943563014047731,3.162503824429769,-0.10606683847749424,8.943563014047731,3.162503824429769,ordinary
0,1,3,12.47565190028569,5.509800179763631,0.014547919950688992,12.47565190028569,5.509800179763631,ordinary
0,2,-3,-6.837496175570239,-10.106066838477501,-1.056436985952271,6.837496175570239,10.106066838477501,ordinary
0,2,-2,-3.30540728933228,-7.758770483143639,-0.9358222275240877,3.30540728933228,7.758770483143639,ordinary
0,2,-1,0.22668159690567702,-5.411474127809776,-0.8152074690959046,0.22668159690567702,5.411474127809776,ordinary
0,2,0,3.758770483143634,-3.0641777724759134,-0.6945927106677213,3.758770483143634,3.0641777724759134,ordinary
0,2,1,7.290859369381591,-0.7168814171420506,-0.5739779522395381,7.290859369381591,0.7168814171420506,ordinary
0,2,2,10.822948255619549,1.6304149381918123,-0.4533631938113549,10.822948255619549,1.6304149381918123,ordinary
0,2,3,14.355037141857506,3.977711293525674,-0.33274843538317167,14.355037141857506,3.977711293525674,ordinary
0,3,-3,-4.958110933998421,-11.638155724715457,-1.4037333412861317,4.958110933998421,11.638155724715457,ordinary
0,3,-2,-1.4260220477604628,-9.290859369381597,-1.2831185828579486,1.4260220477604628,9.290859369381597,ordinary
0,3,-1,2.1060668384774943,-6.943563014047733,-1.1625038244297652,2.1060668384774943,6.943563014047733,ordinary
0,3,0,5.6381557247154515,-4.59626665871387,-1.041889066001582,5.6381557247154515,4.59626665871387,ordinary
0,3,1,9.170244610953409,-2.2489703033800073,-0.9212743075733988,9.170244610953409,2.2489703033800073,ordinary
0,3,2,12.702333497191365,0.09832605195385558,-0.8006595491452156,12.702333497191365,0.8006595491452156,ordinary
0,3,3,16.234422383429326,2.4456224072877175,-0.6800447907170324,16.234422383429326,2.4456224072877175,ordinary
0,4,-3,-3.0787256924266044,-13.170244610953414,-1.7510296966199923,3.0787256924266044,13.170244610953414,ordinary
0,4,-2,0.45336319381135404,-10.822948255619552,-1.6304149381918092,0.45336319381135404,10.822948255619552,ordinary
0,4,-1,3.985452080049311,-8.47565190028569,-1.5098001797636258,3.985452080049311,8.47565190028569,ordinary
0,4,0,7.517540966287268,-6.128355544951827,-1.3891854213354426,7.517540966287268,6.128355544951827,ordinary
0,4,1,11.049629852525225,-3.781059189617964,-1.2685706629072595,11.049629852525225,3.781059189617964,ordinary
0,4,2,14.581718738763183,-1.4337628342841011,-1.1479559044790761,14.581718738763183,1.4337628342841011,ordinary
0,4,3,18.11380762500114,0.9135335210497608,-1.027341146050893,18.11380762500114,1.027341146050893,ordinary
0,5,-3,-1.1993404508547876,-14.702333497191372,-2.098326051953853,1.1993404508547876,14.702333497191372,ordinary
0,5,-2,2.332748435383171,-12.355037141857508,-1.9777112935256698,2.332748435383171,12.355037141857508,ordinary
0,5,-1,5.864837321621128,-10.007740786523646,-1.8570965350974864,5.864837321621128,10.007740786523646,ordinary
0,5,0,9.396926207859085,-7.6604444311897835,-1.7364817766693033,9.396926207859085,7.6604444311897835,ordinary
0,5,1,12.929015094097043,-5.313148075855921,-1.6158670182411201,12.929015094097043,5.313148075855921,ordinary
0,5,2,16.461103980335,-2.965851720522058,-1.4952522598129367,16.461103980335,2.965851720522058,ordinary
0,5,3,19.993192866572958,-0.6185553651881959,-1.3746375013847536,19.993192866572958,1.3746375013847536,ordinary
0,6,-3,0.6800447907170302,-16.234422383429326,-2.445622407287714,0.6800447907170302,16.234422383429326,ordinary
0,6,-2,4.212133676954989,-13.887126028095466,-2.3250076488595304,4.212133676954989,13.887126028095466,ordinary
0,6,-1,7.744222563192945,-11.539829672761602,-2.2043928904313472,7.744222563192945,11.539829672761602,ordinary
0,6,0,11.276311449430903,-9.19253331742774,-2.083778132003164,11.276311449430903,9.19253331742774,ordinary
0,6,1,14.80840033566886,-6.845236962093877,-1.963163373574981,14.80840033566886,6.845236962093877,ordinary
0,6,2,18.340489221906818,-4.4979406067600145,-1.8425486151467976,18.340489221906818,4.4979406067600145,ordinary
0,6,3,21.872578108144776,-2.1506442514261526,-1.7219338567186144,21.872578108144776,2.1506442514261526,ordinary
1,-6,-3,-20.872578108144776,3.1506442514261526,2.721933856718614,20.872578108144776,3.1506442514261526,ordinary
1,-6,-2,-17.340489221906818,5.4979406067600145,2.842548615146798,17.340489221906818,5.4979406067600145,ordinary
1,-6,-1,-13.80840033566886,7.845236962093877,2.963163373574981,13.80840033566886,7.845236962093877,ordinary
1,-6,0,-10.276311449430903,10.19253331742774,3.083778132003164,10.276311449430903,10.19253331742774,ordinary
1,-6,1,-6.744222563192945,12.539829672761602,3.2043928904313472,6.744222563192945,12.539829672761602,ordinary
1,-6,2,-3.2121336769549886,14.887126028095466,3.3250076488595304,3.2121336769549886,14.887126028095466,ordinary
1,-6,3,0.31995520928296983,17.234422383429326,3.445622407287714,0.31995520928296983,17.234422383429326,ordinary
1,-5,-3,-18.993192866572958,1.6185553651881968,2.374637501384754,18.993192866572958,2.374637501384754,ordinary
1,-5,-2,-15.461103980335,3.9658517205220587,2.495252259812937,15.461103980335,3.9658517205220587,ordinary
1,-5,-1,-11.929015094097043,6.3131480758559215,2.6158670182411203,11.929015094097043,6.3131480758559215,ordinary
1,-5,0,-8.396926207859085,8.660444431189784,2.7364817766693035,8.396926207859085,8.660444431189784,ordinary
1,-5,1,-4.864837321621128,11.007740786523648,2.8570965350974866,4.864837321621128,11.007740786523648,ordinary
1,-5,2,-1.332748435383171,13.35503714185751,2.9777112935256698,1.332748435383171,13.35503714185751,ordinary
1,-5,3,2.1993404508547876,15.702333497191372,3.098326051953853,2.1993404508547876,15.702333497191372,ordinary
1,-4,-3,-17.11380762500114,0.08646647895023918,2.027341146050893,17.11380762500114,2.027341146050893,ordinary
1,-4,-2,-13.581718738763183,2.433762834284101,2.147955904479076,13.581718738763183,2.433762834284101,ordinary
1,-4,-1,-10.049629852525225,4.781059189617964,2.2685706629072593,10.049629852525225,4.781059189617964,ordinary
1,-4,0,-6.517540966287268,7.128355544951827,2.3891854213354424,6.517540966287268,7.128355544951827,ordinary
1,-4,1,-2.985452080049311,9.47565190028569,2.5098001797636256,2.985452080049311,9.47565190028569,ordinary
1,-4,2,0.546636806188646,11.822948255619552,2.6304149381918087,0.546636806188646,11.822948255619552,ordinary
1,-4,3,4.078725692426604,14.170244610953414,2.751029696619992,4.078725692426604,14.170244610953414,ordinary
1,-3,-3,-15.234422383429324,-1.4456224072877175,1.6800447907170326,15.234422383429324,1.6800447907170326,ordinary
1,-3,-2,-11.702333497191365,0.9016739480461444,1.8006595491452158,11.702333497191365,1.8006595491452158,ordinary
1,-3,-1,-8.170244610953409,3.2489703033800073,1.9212743075733991,8.170244610953409,3.2489703033800073,ordinary
1,-3,0,-4.6381557247154515,5.59626665871387,2.0418890660015823,4.6381557247154515,5.59626665871387,ordinary
1,-3,1,-1.1060668384774943,7.943563014047733,2.1625038244297654,1.1060668384774943,7.943563014047733,ordinary
1,-3,2,2.426022047760463,10.290859369381597,2.2831185828579486,2.426022047760463,10.290859369381597,ordinary
1,-3,3,5.958110933998421,12.638155724715457,2.4037333412861317,5.958110933998421,12.638155724715457,ordinary
1,-2,-3,-13.355037141857506,-2.977711293525674,1.3327484353831716,13.355037141857506,2.977711293525674,ordinary
1,-2,-2,-9.822948255619549,-0.6304149381918123,1.4533631938113547,9.822948255619549,1.4533631938113547,ordinary
1,-2,-1,-6.290859369381591,1.7168814171420506,1.573977952239538,6.290859369381591,1.7168814171420506,ordinary
1,-2,0,-2.758770483143634,4.064177772475913,1.6945927106677212,2.758770483143634,4.064177772475913,ordinary
1,-2,1,0.773318403094323,6.411474127809776,1.8152074690959044,0.773318403094323,6.411474127809776,ordinary
1,-2,2,4.30540728933228,8.758770483143639,1.9358222275240877,4.30540728933228,8.758770483143639,ordinary
1,-2,3,7.837496175570239,11.106066838477501,2.0564369859522706,7.837496175570239,11.106066838477501,ordinary
1,-1,-3,-11.47565190028569,-4.509800179763631,0.985452080049311,11.47565190028569,4.509800179763631,ordinary
1,-1,-2,-7.943563014047731,-2.162503824429769,1.106066838477494,7.943563014047731,2.162503824429769,ordinary
1,-1,-1,-4.411474127809774,0.18479253090409387,1.2266815969056775,4.411474127809774,1.2266815969056775,ordinary
1,-1,0,-0.8793852415718171,2.5320888862379567,1.3472963553338606,0.8793852415718171,2.5320888862379567,ordinary
1,-1,1,2.65270364466614,4.8793852415718195,1.4679111137620438,2.65270364466614,4.8793852415718195,ordinary
1,-1,2,6.184792530904097,7.226681596905682,1.5885258721902271,6.184792530904097,7.226681596905682,ordinary
1,-1,3,9.716881417142055,9.573977952239545,1.7091406306184103,9.716881417142055,9.573977952239545,ordinary
1,0,-3,-9.596266658713873,-6.041889066001588,0.6381557247154503,9.596266658713873,6.041889066001588,ordinary
1,0,-2,-6.064177772475914,-3.6945927106677257,0.7587704831436336,6.064177772475914,3.6945927106677257,ordinary
1,0,-1,-2.532088886237957,-1.3472963553338628,0.8793852415718167,2.532088886237957,1.3472963553338628,ordinary
1,0,0,1.0,1.0,1.0,1.0,1.0,ordinary
1,0,1,4.532088886237958,3.347296355333863,1.1206147584281831,4.532088886237958,3.347296355333863,ordinary
1,0,2,8.064177772475915,5.694592710667726,1.2412295168563665,8.064177772475915,5.694592710667726,ordinary
1,0,3,11.596266658713873,8.041889066001588,1.3618442752845497,11.596266658713873,8.041889066001588,ordinary
1,1,-3,-7.716881417142056,-7.573977952239544,0.29085936938158974,7.716881417142056,7.573977952239544,ordinary
1,1,-2,-4.184792530904097,-5.226681596905682,0.411474127809773,4.184792530904097,5.226681596905682,ordinary
1,1,-1,-0.6527036446661403,-2.8793852415718195,0.5320888862379561,0.6527036446661403,2.8793852415718195,ordinary
1,1,0,2.879385241571817,-0.5320888862379567,0.6527036446661394,2.879385241571817,0.6527036446661394,ordinary
1,1,1,6.4114741278097735,1.8152074690959061,0.7733184030943226,6.4114741278097735,1.8152074690959061,ordinary
1,1,2,9.943563014047731,4.162503824429769,0.8939331615225058,9.943563014047731,4.162503824429769,ordinary
1,1,3,13.47565190028569,6.509800179763631,1.014547919950689,13.47565190028569,6.509800179763631,ordinary
1,2,-3,-5.837496175570239,-9.106066838477501,-0.05643698595227098,5.837496175570239,9.106066838477501,ordinary
1,2,-2,-2.3054072893322806,-6.758770483143639,0.06417777247591225,2.3054072893322806,6.758770483143639,ordinary
1,2,-1,1.2266815969056766,-4.411474127809776,0.18479253090409548,1.2266815969056766,4.411474127809776,ordinary
1,2,0,4.758770483143634,-2.0641777724759134,0.3054072893322787,4.758770483143634,2.0641777724759134,ordinary
1,2,1,8.290859369381591,0.28311858285794944,0.4260220477604619,8.290859369381591,0.4260220477604619,ordinary
1,2,2,11.822948255619547,2.6304149381918123,0.5466368061886451,11.822948255619547,2.6304149381918123,ordinary
1,2,3,15.355037141857506,4.977711293525674,0.6672515646168283,15.355037141857506,4.977711293525674,ordinary
1,3,-3,-3.9581109339984213,-10.638155724715457,-0.4037333412861317,3.9581109339984213,10.638155724715457,ordinary
1,3,-2,-0.4260220477604628,-8.290859369381597,-0.28311858285794844,0.4260220477604628,8.290859369381597,ordinary
1,3,-1,3.1060668384774943,-5.943563014047733,-0.16250382442976524,3.1060668384774943,5.943563014047733,ordinary
1,3,0,6.6381557247154515,-3.59626665871387,-0.04188906600158204,6.6381557247154515,3.59626665871387,ordinary
1,3,1,10.170244610953409,-1.2489703033800073,0.07872569242660117,10.170244610953409,1.2489703033800073,ordinary
1,3,2,13.702333497191365,1.0983260519538556,0.19934045085478438,13.702333497191365,1.0983260519538556,ordinary
1,3,3,17.234422383429326,3.4456224072877175,0.3199552092829676,17.234422383429326,3.4456224072877175,ordinary
1,4,-3,-2.0787256924266053,-12.170244610953414,-0.7510296966199923,2.0787256924266053,12.170244610953414,ordinary
1,4,-2,1.4533631938113531,-9.822948255619552,-0.630414938191809,1.4533631938113531,9.822948255619552,ordinary
1,4,-1,4.98545208004931,-7.47565190028569,-0.5098001797636259,4.98545208004931,7.47565190028569,ordinary
1,4,0,8.517540966287267,-5.128355544951827,-0.38918542133544265,8.517540966287267,5.128355544951827,ordinary
1,4,1,12.049629852525225,-2.781059189617964,-0.26857066290725945,12.049629852525225,2.781059189617964,ordinary
1,4,2,15.581718738763183,-0.4337628342841011,-0.14795590447907622,15.581718738763183,0.4337628342841011,ordinary
1,4,3,19.11380762500114,1.9135335210497608,-0.027341146050892995,19.11380762500114,1.9135335210497608,ordinary
1,5,-3,-0.19934045085478758,-13.702333497191372,-1.098326051953853,0.19934045085478758,13.702333497191372,ordinary
1,5,-2,3.332748435383171,-11.355037141857508,-0.9777112935256697,3.332748435383171,11.355037141857508,ordinary
1,5,-1,6.864837321621128,-9.007740786523646,-0.8570965350974865,6.864837321621128,9.007740786523646,ordinary
1,5,0,10.396926207859085,-6.6604444311897835,-0.7364817766693033,10.396926207859085,6.6604444311897835,ordinary
1,5,1,13.929015094097043,-4.313148075855921,-0.61586701824112,13.929015094097043,4.313148075855921,ordinary
1,5,2,17.461103980335,-1.9658517205220578,-0.49525225981293686,17.461103980335,1.9658517205220578,ordinary
1,5,3,20.993192866572958,0.38144463481180413,-0.3746375013847536,20.993192866572958,0.38144463481180413,beta
1,6,-3,1.6800447907170302,-15.234422383429328,-1.4456224072877137,1.6800447907170302,15.234422383429328,ordinary
1,6,-2,5.212133676954989,-12.887126028095466,-1.3250076488595306,5.212133676954989,12.887126028095466,ordinary
1,6,-1,8.744222563192945,-10.539829672761602,-1.2043928904313472,8.744222563192945,10.539829672761602,ordinary
1,6,0,12.276311449430903,-8.19253331742774,-1.083778132003164,12.276311449430903,8.19253331742774,ordinary
1,6,1,15.80840033566886,-5.845236962093877,-0.9631633735749808,15.80840033566886,5.845236962093877,ordinary
1,6,2,19.340489221906818,-3.4979406067600145,-0.8425486151467977,19.340489221906818,3.4979406067600145,ordinary
1,6,3,22.872578108144776,-1.1506442514261526,-0.7219338567186144,22.872578108144776,1.1506442514261526,ordinary
2,-6,-3,-19.872578108144776,4.150644251426153,3.721933856718615,19.872578108144776,4.150644251426153,ordinary
2,-6,-2,-16.340489221906818,6.4979406067600145,3.8425486151467982,16.340489221906818,6.4979406067600145,ordinary
2,-6,-1,-12.80840033566886,8.845236962093878,3.9631633735749814,12.80840033566886,8.845236962093878,ordinary
2,-6,0,-9.276311449430903,11.19253331742774,4.0837781320031645,9.276311449430903,11.19253331742774,ordinary
2,-6,1,-5.744222563192945,13.539829672761602,4.204392890431348,5.744222563192945,13.539829672761602,ordinary
2,-6,2,-2.2121336769549886,15.887126028095466,4.325007648859531,2.2121336769549886,15.887126028095466,ordinary
2,-6,3,1.3199552092829698,18.234422383429326,4.445622407287714,1.3199552092829698,18.234422383429326,ordinary
2,-5,-3,-17.993192866572958,2.6185553651881968,3.374637501384754,17.993192866572958,3.374637501384754,ordinary
2,-5,-2,-14.461103980335,4.965851720522059,3.495252259812937,14.461103980335,4.965851720522059,ordinary
2,-5,-1,-10.929015094097043,7.3131480758559215,3.6158670182411203,10.929015094097043,7.3131480758559215,ordinary
2,-5,0,-7.396926207859085,9.660444431189784,3.7364817766693035,7.396926207859085,9.660444431189784,ordinary
2,-5,1,-3.864837321621128,12.007740786523648,3.8570965350974866,3.864837321621128,12.007740786523648,ordinary
2,-5,2,-0.3327484353831709,14.35503714185751,3.9777112935256698,0.3327484353831709,14.35503714185751,ordinary
2,-5,3,3.1993404508547876,16.702333497191372,4.098326051953853,3.1993404508547876,16.702333497191372,ordinary
2,-4,-3,-16.11380762500114,1.0864664789502392,3.027341146050893,16.11380762500114,3.027341146050893,ordinary
2,-4,-2,-12.581718738763183,3.433762834284101,3.147955904479076,12.581718738763183,3.433762834284101,ordinary
2,-4,-1,-9.049629852525225,5.781059189617964,3.2685706629072593,9.049629852525225,5.781059189617964,ordinary
2,-4,0,-5.517540966287268,8.128355544951827,3.3891854213354424,5.517540966287268,8.128355544951827,ordinary
2,-4,1,-1.9854520800493112,10.47565190028569,3.5098001797636256,1.9854520800493112,10.47565190028569,ordinary
2,-4,2,1.546636806188646,12.822948255619552,3.6304149381918087,1.546636806188646,12.822948255619552,ordinary
2,-4,3,5.078725692426604,15.170244610953414,3.751029696619992,5.078725692426604,15.170244610953414,ordinary
2,-3,-3,-14.234422383429324,-0.4456224072877175,2.680044790717033,14.234422383429324,2.680044790717033,ordinary
2,-3,-2,-10.702333497191365,1.9016739480461444,2.800659549145216,10.702333497191365,2.800659549145216,ordinary
2,-3,-1,-7.170244610953409,4.248970303380007,2.921274307573399,7.170244610953409,4.248970303380007,ordinary
2,-3,0,-3.6381557247154515,6.59626665871387,3.0418890660015823,3.6381557247154515,6.59626665871387,ordinary
2,-3,1,-0.10606683847749432,8.943563014047733,3.1625038244297654,0.10606683847749432,8.943563014047733,ordinary
2,-3,2,3.426022047760463,11.290859369381597,3.2831185828579486,3.426022047760463,11.290859369381597,ordinary
2,-3,3,6.958110933998421,13.638155724715457,3.4037333412861317,6.958110933998421,13.638155724715457,ordinary
2,-2,-3,-12.355037141857506,-1.9777112935256742,2.332748435383172,12.355037141857506,2.332748435383172,ordinary
2,-2,-2,-8.822948255619549,0.36958506180818773,2.453363193811355,8.822948255619549,2.453363193811355,ordinary
2,-2,-1,-5.290859369381591,2.7168814171420506,2.573977952239538,5.290859369381591,2.7168814171420506,ordinary
2,-2,0,-1.7587704831436342,5.064177772475913,2.694592710667721,1.7587704831436342,5.064177772475913,ordinary
2,-2,1,1.773318403094323,7.411474127809776,2.8152074690959044,1.773318403094323,7.411474127809776,ordinary
2,-2,2,5.30540728933228,9.758770483143639,2.9358222275240875,5.30540728933228,9.758770483143639,ordinary
2,-2,3,8.837496175570239,12.106066838477501,3.0564369859522706,8.837496175570239,12.106066838477501,ordinary
2,-1,-3,-10.47565190028569,-3.509800179763631,1.985452080049311,10.47565190028569,3.509800179763631,ordinary
2,-1,-2,-6.943563014047731,-1.162503824429769,2.1060668384774943,6.943563014047731,2.1060668384774943,ordinary
2,-1,-1,-3.4114741278097744,1.1847925309040939,2.2266815969056775,3.4114741278097744,2.2266815969056775,ordinary
2,-1,0,0.12061475842818292,3.5320888862379567,2.3472963553338606,0.12061475842818292,3.5320888862379567,ordinary
2,-1,1,3.65270364466614,5.8793852415718195,2.4679111137620438,3.65270364466614,5.8793852415718195,ordinary
2,-1,2,7.184792530904097,8.226681596905681,2.588525872190227,7.184792530904097,8.226681596905681,ordinary
2,-1,3,10.716881417142055,10.573977952239545,2.7091406306184105,10.716881417142055,10.573977952239545,ordinary
2,0,-3,-8.596266658713873,-5.041889066001588,1.6381557247154503,8.596266658713873,5.041889066001588,ordinary
2,0,-2,-5.064177772475914,-2.6945927106677257,1.7587704831436335,5.064177772475914,2.6945927106677257,ordinary
2,0,-1,-1.5320888862379571,-0.3472963553338628,1.8793852415718169,1.5320888862379571,1.8793852415718169,ordinary
2,0,0,2.0,2.0,2.0,2.0,2.0,ordinary
2,0,1,5.532088886237958,4.347296355333863,2.120614758428183,5.532088886237958,4.347296355333863,ordinary
2,0,2,9.064177772475915,6.694592710667726,2.2412295168563663,9.064177772475915,6.694592710667726,ordinary
2,0,3,12.596266658713873,9.041889066001588,2.3618442752845494,12.596266658713873,9.041889066001588,ordinary
2,1,-3,-6.716881417142056,-6.573977952239544,1.2908593693815897,6.716881417142056,6.573977952239544,ordinary
2,1,-2,-3.1847925309040974,-4.226681596905682,1.4114741278097729,3.1847925309040974,4.226681596905682,ordinary
2,1,-1,0.3472963553338597,-1.8793852415718195,1.5320888862379562,0.3472963553338597,1.8793852415718195,ordinary
2,1,0,3.879385241571817,0.4679111137620433,1.6527036446661394,3.879385241571817,1.6527036446661394,ordinary
2,1,1,7.4114741278097735,2.815207469095906,1.7733184030943225,7.4114741278097735,2.815207469095906,ordinary
2,1,2,10.943563014047731,5.162503824429769,1.893933161522506,10.943563014047731,5.162503824429769,ordinary
2,1,3,14.47565190028569,7.509800179763631,2.0145479199506893,14.47565190028569,7.509800179763631,ordinary
2,2,-3,-4.837496175570239,-8.106066838477501,0.9435630140477291,4.837496175570239,8.106066838477501,ordinary
2,2,-2,-1.3054072893322806,-5.758770483143639,1.0641777724759123,1.3054072893322806,5.758770483143639,ordinary
2,2,-1,2.2266815969056766,-3.411474127809776,1.1847925309040956,2.2266815969056766,3.411474127809776,ordinary
2,2,0,5.758770483143634,-1.0641777724759134,1.3054072893322788,5.758770483143634,1.3054072893322788,ordinary
2,2,1,9.290859369381591,1.2831185828579494,1.426022047760462,9.290859369381591,1.426022047760462,ordinary
2,2,2,12.822948255619547,3.6304149381918123,1.5466368061886453,12.822948255619547,3.6304149381918123,ordinary
2,2,3,16.35503714185751,5.977711293525674,1.6672515646168284,16.35503714185751,5.977711293525674,ordinary
2,3,-3,-2.9581109339984213,-9.638155724715457,0.5962666587138683,2.9581109339984213,9.638155724715457,ordinary
2,3,-2,0.5739779522395372,-7.290859369381596,0.7168814171420516,0.5739779522395372,7.290859369381596,ordinary
2,3,-1,4.106066838477494,-4.943563014047733,0.8374961755702347,4.106066838477494,4.943563014047733,ordinary
2,3,0,7.6381557247154515,-2.59626665871387,0.958110933998418,7.6381557247154515,2.59626665871387,ordinary
2,3,1,11.170244610953409,-0.24897030338000725,1.078725692426601,11.170244610953409,1.078725692426601,ordinary
2,3,2,14.702333497191365,2.0983260519538556,1.1993404508547845,14.702333497191365,2.0983260519538556,ordinary
2,3,3,18.234422383429326,4.4456224072877175,1.3199552092829676,18.234422383429326,4.4456224072877175,ordinary
2,4,-3,-1.0787256924266053,-11.170244610953414,0.2489703033800077,1.0787256924266053,11.170244610953414,ordinary
2,4,-2,2.453363193811353,-8.822948255619552,0.36958506180819095,2.453363193811353,8.822948255619552,ordinary
2,4,-1,5.98545208004931,-6.47565190028569,0.49019982023637415,5.98545208004931,6.47565190028569,ordinary
2,4,0,9.517540966287267,-4.128355544951827,0.6108145786645574,9.517540966287267,4.128355544951827,ordinary
2,4,1,13.049629852525225,-1.781059189617964,0.7314293370927406,13.049629852525225,1.781059189617964,ordinary
2,4,2,16.581718738763183,0.5662371657158989,0.8520440955209237,16.581718738763183,0.8520440955209237,ordinary
2,4,3,20.11380762500114,2.913533521049761,0.972658853949107,20.11380762500114,2.913533521049761,ordinary
2,5,-3,0.8006595491452124,-12.702333497191372,-0.09832605195385291,0.8006595491452124,12.702333497191372,ordinary
2,5,-2,4.332748435383171,-10.355037141857508,0.022288706474330316,4.332748435383171,10.355037141857508,ordinary
2,5,-1,7.864837321621128,-8.007740786523646,0.14290346490251354,7.864837321621128,8.007740786523646,ordinary
2,5,0,11.396926207859085,-5.6604444311897835,0.26351822333069674,11.396926207859085,5.6604444311897835,ordinary
2,5,1,14.929015094097043,-3.3131480758559206,0.38413298175887994,14.929015094097043,3.3131480758559206,ordinary
2,5,2,18.461103980335,-0.9658517205220578,0.5047477401870631,18.461103980335,0.9658517205220578,ordinary
2,5,3,21.993192866572958,1.3814446348118041,0.6253624986152464,21.993192866572958,1.3814446348118041,ordinary
2,6,-3,2.68004479071703,-14.234422383429328,-0.44562240728771374,2.68004479071703,14.234422383429328,ordinary
2,6,-2,6.212133676954989,-11.887126028095466,-0.3250076488595305,6.212133676954989,11.887126028095466,ordinary
2,6,-1,9.744222563192945,-9.539829672761602,-0.20439289043134728,9.744222563192945,9.539829672761602,ordinary
2,6,0,13.276311449430903,-7.19253331742774,-0.08377813200316409,13.276311449430903,7.19253331742774,ordinary
2,6,1,16.80840033566886,-4.845236962093877,0.03683662642501913,16.80840033566886,4.845236962093877,ordinary
2,6,2,20.340489221906818,-2.4979406067600145,0.15745138485320234,20.340489221906818,2.4979406067600145,ordinary
2,6,3,23.872578108144776,-0.15064425142615256,0.27806614328138557,23.872578108144776,0.27806614328138557,gamma
